10:15:06,10:18:05
10:18:23,10:21:24
10:19:25,10:22:25
10:20:17,10:23:18
10:29:47,10:32:42
10:30:36,10:33:38
10:48:56,10:51:58
10:51:04,10:54:00
10:54:26,10:57:33
10:56:19,10:59:21
10:57:31,11:00:26
10:59:20,11:02:22
11:04:44,11:07:59
11:08:50,11:11:46
11:10:32,11:13:34
11:13:05,11:16:05
11:18:36,11:21:36
11:20:27,11:23:33
11:21:42,11:24:50
11:25:03,11:28:03
11:25:42,11:28:43
11:28:03,11:31:02
11:38:44,11:36:23
11:47:15,11:37:12
11:49:05,11:41:44
12:05:28,12:08:38
12:20:07,12:23:00
12:21:06,12:23:53
12:29:33,12:29:50
12:34:27,12:37:30
12:35:16,12:38:17
12:35:49,12:38:51
12:37:52,12:41:35
12:38:36,12:43:36
12:40:36,12:46:07
12:48:01,12:51:02
12:49:40,12:52:40
12:54:03,12:57:03
13:00:50,13:03:50
13:16:47,13:19:47
13:19:13,13:22:13
13:33:25,13:37:01
13:35:59,13:39:01
13:38:33,13:41:33
13:48:22,13:51:22
13:51:48,13:54:48
13:57:29,13:56:04
14:01:04,14:04:05
14:08:17,14:11:15
14:20:09,14:23:15
14:29:25,14:31:02
14:29:56,14:32:57
14:31:45,14:34:47
14:44:36,14:47:37
14:49:34,14:52:35
14:51:52,14:53:55
14:55:42,14:58:43
14:57:32,15:00:30
14:59:09,15:02:15
15:08:43,15:11:44
15:13:06,15:16:06
15:18:05,15:21:02
15:22:34,15:25:33
15:25:52,15:28:52
15:36:36,15:39:41
15:37:27,15:40:29
15:52:09,15:55:09
15:54:46,15:57:46
16:01:31,16:04:28
16:04:51,16:07:53
16:09:27,16:12:29
16:10:47,16:13:47
16:12:34,16:15:34
16:13:52,16:16:52
16:22:28,16:25:40
16:26:27,16:29:27
16:30:56,16:33:56
16:32:15,16:35:21
16:34:39,16:37:39
16:41:31,16:44:33
16:42:51,16:45:53
16:43:42,16:46:44
16:45:58,16:48:58
16:56:09,16:59:12
16:57:10,17:00:14
16:58:34,17:01:36
17:07:30,17:10:30
17:08:49,17:11:49
17:09:37,17:12:32
17:10:06,17:13:08
17:11:00,17:13:58
17:12:42,17:15:38
17:20:13,17:23:13
17:32:09,17:35:09
17:42:40,17:45:41
17:56:56,17:59:57
17:58:02,18:01:02
17:58:34,18:01:36
18:04:00,18:06:56
18:11:34,18:14:23
18:12:48,18:15:46
18:14:50,18:17:51
18:16:25,18:19:27
18:17:25,18:20:27
18:23:23,18:26:25
18:25:51,18:28:51
18:26:57,18:29:57
18:31:23,18:34:23
18:34:56,18:37:56
18:35:55,18:38:51
18:36:48,18:39:43
18:42:50,18:45:50
18:44:21,18:47:21
18:45:11,18:48:09
18:46:15,18:49:15
18:49:57,18:52:57
18:51:41,18:54:41
18:52:42,18:55:41
18:53:42,18:56:41
18:55:27,18:58:30
18:56:31,18:59:34
18:56:53,18:59:51
19:00:22,19:03:24
19:01:59,19:04:46
19:03:12,19:06:12
19:06:44,19:09:43
19:07:55,19:10:57
19:09:20,19:12:22
19:12:23,19:15:25
19:13:27,19:16:22
19:14:10,19:17:11
19:15:00,19:18:00
19:15:37,19:18:39
19:16:20,19:19:23
19:19:52,19:22:55
19:20:48,19:23:48
19:22:37,19:25:36
19:23:30,19:26:29
19:24:18,19:27:16
19:26:33,19:29:33
19:29:57,19:32:56
19:30:59,19:34:01
19:37:59,19:40:57
19:39:00,19:42:02
19:40:09,19:43:11
19:43:05,19:46:05
19:48:29,19:51:30
19:49:04,19:51:57
19:49:32,19:52:34
19:50:38,19:53:38
19:51:35,19:54:34
19:52:44,19:55:46
19:59:43,20:02:43
20:08:16,20:11:19
20:12:00,20:14:41
20:12:28,20:15:25
20:18:29,20:21:32
20:19:01,20:22:01
20:20:35,20:23:36
20:26:41,20:29:43
20:39:43,20:42:43
20:41:01,20:44:00
20:42:10,20:45:05
20:44:54,20:47:56
20:51:19,20:54:08
20:55:31,20:58:31
21:05:24,21:08:27
21:06:38,21:09:37
21:07:19,21:10:19
21:08:48,21:11:51
21:09:35,21:12:35
21:11:07,21:14:09
21:11:38,21:14:34
21:13:52,21:16:52
21:15:02,21:18:02
21:16:26,21:19:28
21:17:36,21:20:38
21:18:08,21:21:09
21:18:56,21:21:58
21:20:38,21:23:39
21:23:35,21:26:32
21:26:00,21:29:00
21:26:49,21:29:51
21:28:18,21:31:20
21:28:48,21:31:49
21:33:03,21:36:05
21:35:13,21:38:15
21:40:35,21:43:36
21:42:37,21:45:39
21:43:04,21:46:05
21:45:49,21:48:52
22:00:03,22:03:06
22:00:20,22:03:23
22:03:46,22:06:49
22:08:06,22:11:08
22:09:12,22:12:14
